layer_id,layer_name,layer_description,layer_group,scope,source_org,source_dataset_name,source_url,source_created_at,source_updated_at,source_license,source_contact,metadata_verified_at,metadata_verified_by,storage_type,canonical_storage_uri,app_fetch_uri,data_format,region_key,required_for_solution,in_use_now,selectable_in_finder,visible_in_map_layers,current_status,release_priority,target_app_surface,notes,scope_tags,metadata_status,validated_at,validated_by,selected_for_release
COST_HF_2030,Human Footprint 2030,Shows projected human pressure on landscapes in 2030; higher values indicate higher pressure.,cost,nacional,Humboldt (IAvH),unknown,unknown,unknown,unknown,unknown,unknown,2026-04-03T00:27:53Z,App Team + Mesa Nacional,repo_file,data/inputs/costs/human_footprint_2030.tif,unknown,GeoTIFF,all,TRUE,TRUE,TRUE,TRUE,available,high,solution-finder,Primary cost layer,nacional,complete,2026-04-03T00:27:53Z,App Team + Mesa Nacional,TRUE
COST_NET_BENEFIT,Net Benefit (Renta Agropecuaria),Shows potential agricultural net benefit; higher values indicate higher opportunity cost for conservation.,cost,nacional,Humboldt (IAvH),unknown,unknown,unknown,unknown,unknown,unknown,2026-04-03T00:27:53Z,App Team + Mesa Nacional,repo_file,data/inputs/costs/net_benefit.tif,unknown,GeoTIFF,all,TRUE,TRUE,TRUE,TRUE,available,high,solution-finder,Alternative cost layer,nacional,complete,2026-04-03T00:27:53Z,App Team + Mesa Nacional,TRUE
COST_CONFLICT,Conflict (Coca + Deaths),Shows conflict intensity based on coca and violence indicators to represent social risk and implementation difficulty.,cost,nacional,UNODC / Government,unknown,unknown,unknown,unknown,unknown,unknown,2026-04-03T00:27:53Z,App Team + Mesa Nacional,repo_file,data/inputs/costs/conflict.tif,unknown,GeoTIFF,all,TRUE,TRUE,TRUE,TRUE,available,high,solution-finder,Conflict-based cost layer,nacional,complete,2026-04-03T00:27:53Z,App Team + Mesa Nacional,TRUE
INCL_RUNAP,Protected Areas (RUNAP 2023),Protected areas from RUNAP (2023) that are treated as already conserved in planning outputs.,includes,nacional,PNNC / RUNAP,unknown,unknown,unknown,unknown,unknown,unknown,2026-04-03T00:27:53Z,App Team + Mesa Nacional,repo_file,data/inputs/includes_excludes/runap_protected_areas.tif,unknown,GeoTIFF,all,TRUE,TRUE,TRUE,TRUE,available,high,solution-finder,Always-on include,nacional,complete,2026-04-03T00:27:53Z,App Team + Mesa Nacional,TRUE
INCL_COMUNIDADES,Afro-Colombian Communities,Afro-Colombian community territories that can be included in planning and visualization.,includes,nacional,ANT,unknown,unknown,unknown,unknown,unknown,unknown,2026-04-03T00:27:53Z,App Team + Mesa Nacional,repo_file,data/inputs/includes_excludes/comunidades.tif,unknown,GeoTIFF,all,TRUE,TRUE,TRUE,TRUE,available,medium,solution-finder,Optional include,nacional,complete,2026-04-03T00:27:53Z,App Team + Mesa Nacional,TRUE
INCL_OMECS,OMECs (raster),Other Effective Conservation Measures (OMECs) recognized for conservation outcomes outside formal protected areas.,includes,nacional,WDPA / Protected Planet,unknown,unknown,unknown,unknown,unknown,unknown,2026-04-03T00:27:53Z,App Team + Mesa Nacional,repo_file,data/inputs/includes_excludes/omecs.tif,unknown,GeoTIFF,all,TRUE,TRUE,TRUE,TRUE,available,medium,solution-finder,Optional include,nacional,complete,2026-04-03T00:27:53Z,App Team + Mesa Nacional,TRUE
FEAT_SPECIES_RICHNESS,Species Richness (Ecosistemas),Biodiversity richness surface summarizing ecosystem-level species richness across the country.,features,nacional,Humboldt (BioModelos),unknown,unknown,unknown,unknown,unknown,unknown,2026-04-03T00:27:53Z,App Team + Mesa Nacional,repo_file,data/inputs/features/ecosystems/ecosistemas.tif,unknown,GeoTIFF,all,TRUE,TRUE,TRUE,TRUE,available,high,solution-finder,Core feature layer,nacional,complete,2026-04-03T00:27:53Z,App Team + Mesa Nacional,TRUE
FEAT_PARAMOS,Paramos,Paramos ecosystems layer representing high-altitude habitats important for biodiversity and water regulation.,features,nacional,Humboldt (IAvH),unknown,unknown,unknown,unknown,unknown,unknown,2026-04-03T00:27:53Z,App Team + Mesa Nacional,repo_file,data/inputs/features/strategic/paramos.tif,unknown,GeoTIFF,all,TRUE,TRUE,TRUE,TRUE,available,high,solution-finder,Strategic ecosystem feature layer,nacional,complete,2026-04-03T00:27:53Z,App Team + Mesa Nacional,TRUE
FEAT_MANGROVES,Mangroves (INVEMAR),Mangrove ecosystems layer representing coastal habitats important for biodiversity and shoreline protection.,features,nacional,INVEMAR,unknown,unknown,unknown,unknown,unknown,unknown,2026-04-03T00:27:53Z,App Team + Mesa Nacional,repo_file,data/inputs/features/strategic/mangroves.tif,unknown,GeoTIFF,all,TRUE,TRUE,TRUE,TRUE,available,high,solution-finder,Strategic ecosystem feature layer,nacional,complete,2026-04-03T00:27:53Z,App Team + Mesa Nacional,TRUE
FEAT_WETLANDS,Wetlands (Humedales),Wetlands ecosystems layer representing habitats important for water storage and biodiversity.,features,nacional,IDEAM,unknown,unknown,unknown,unknown,unknown,unknown,2026-04-03T00:27:53Z,App Team + Mesa Nacional,repo_file,data/inputs/features/strategic/humedales.tif,unknown,GeoTIFF,all,TRUE,TRUE,TRUE,TRUE,available,high,solution-finder,Strategic ecosystem feature layer,nacional,complete,2026-04-03T00:27:53Z,App Team + Mesa Nacional,TRUE
FEAT_DRY_FOREST,Dry Forest (Bosque Seco),Dry forest ecosystems layer representing threatened habitats with high conservation importance.,features,nacional,IDEAM,unknown,unknown,unknown,unknown,unknown,unknown,2026-04-03T00:27:53Z,App Team + Mesa Nacional,repo_file,data/inputs/features/strategic/bosque_seco.tif,unknown,GeoTIFF,all,TRUE,TRUE,TRUE,TRUE,available,high,solution-finder,Strategic ecosystem feature layer,nacional,complete,2026-04-03T00:27:53Z,App Team + Mesa Nacional,TRUE
ADMIN_SIRAP,SIRAP Regions,SIRAP AOI boundaries used for regional selection,boundaries,nacional,MADS,unknown,unknown,unknown,unknown,unknown,unknown,2026-04-03T00:27:53Z,App Team,repo_file,data/boundaries/sirap_regions.geojson,/data/sirap-regions.geojson,GeoJSON,all,TRUE,TRUE,TRUE,TRUE,available,high,map-aoi-selector,Local boundary layer,nacional,complete,2026-04-03T00:27:53Z,App Team,TRUE
ADMIN_DEPARTMENTS,Colombia Departments,Department AOI boundaries served from IGAC,boundaries,nacional,IGAC,unknown,https://mapas2.igac.gov.co/server/rest/services/limites/limites/MapServer/2,unknown,unknown,unknown,unknown,2026-04-03T00:27:53Z,App Team,remote_service,https://mapas2.igac.gov.co/server/rest/services/limites/limites/MapServer/2,https://mapas2.igac.gov.co/server/rest/services/limites/limites/MapServer/2,ArcGIS FeatureServer,all,TRUE,TRUE,TRUE,TRUE,available,high,map-aoi-selector,Remote boundary layer,nacional,complete,2026-04-03T00:27:53Z,App Team,TRUE
ADMIN_MUNICIPALITIES,Colombia Municipalities,Municipality AOI boundaries served from IGAC,boundaries,nacional,IGAC,unknown,https://mapas2.igac.gov.co/server/rest/services/limites/limites/MapServer/1,unknown,unknown,unknown,unknown,2026-04-03T00:27:53Z,App Team,remote_service,https://mapas2.igac.gov.co/server/rest/services/limites/limites/MapServer/1,https://mapas2.igac.gov.co/server/rest/services/limites/limites/MapServer/1,ArcGIS FeatureServer,all,TRUE,TRUE,TRUE,TRUE,available,high,map-aoi-selector,Remote boundary layer,nacional,complete,2026-04-03T00:27:53Z,App Team,TRUE